level,type,Region/economy,1990,1991,1992,1993,1994,1995,1996,1997,1998,1999,2000,2001,2002,2003,2004,2005,2006,2007,2008,2009,2010,2011,2012,2013,2014,2015,2016,2017,2018,2019,2020,2021,2022,2023,2024
1,region,World,243874.7458,198856.8073,206048.8494,237527.5528,287274.5252,361243.83,394444.5378,465285.3632,679497.7462,1077161.559,1162491.561,681550.3926,496583.0176,527533.4596,908071.6379,838261.1783,1360910.717,2191361.767,1717258.084,1288870.228,1437359.145,1709195.888,1366406.602,1571054.873,1498251.51,1863858.775,1547509.209,1732264.692,1064400.351,1329705.112,648576.1858,1914410.779,1568612.869,1556106.484,1608873.894
2,region,Developed economies,231899.9699,189353.8016,185050.0536,204706.1521,244198.8489,312967.2536,339129.9744,405617.2024,642291.2142,1026813.524,1078543.139,626614.1927,460217.8655,491830.0319,801138.9464,735001.1299,1172009.782,1934592.604,1460704.859,1058808.646,1100591.449,1352369.562,1040157.856,1178866.048,1070932.746,1476514.717,1160682.861,1281554.441,690915.8862,933588.5089,268523.0385,1410124.333,1020673.493,1038678.499,1117395.509
3,region,Europe,140954.8678,115352.9952,114893.3022,105635.1083,136072.0315,178042.1253,207854.1153,251371.3724,444405.7282,771547.7109,848016.4872,414548.6638,254867.0849,287682.8872,412820.3887,672124.8557,802250.6317,1357209.074,886547.0992,622000.9319,675119.8387,754937.712,502974.9109,648125.9185,495504.8733,983291.7886,603730.4003,663317.7238,592817.7079,535972.8745,-144819.5707,775594.8132,274559.8841,337454.1757,487481.5702
4,region,European Union,114236.2758,90925.66371,87278.29949,67809.09275,88545.67021,114255.6158,148231.8937,164424.369,298999.4061,526688.8287,558833.2985,337323.4021,183973.9206,194349.3305,263880.2773,491131.7869,594184.4179,905185.9661,567138.4696,510379.1464,483317.4609,544874.6827,392188.2281,490053.6797,576590.9697,917052.1838,515702.9746,466243.3477,400048.5928,550724.0175,-12572.47759,694479.5293,209132.0544,136586.6469,446061.486
5,country,Austria,1701,1293,1760.037229,1178.548218,1241.01585,1083.553079,1889.079775,1998.372652,2768.044225,3300.911864,5509.489589,3021.896896,5780.433862,6859.781905,8029.899487,11145.10272,11974.04223,35840.25022,28708.18455,10998.38939,9585.439037,21912.7925,13109.40191,15605.85457,-727.1923837,8476.403109,-2678.02288,8737.295059,4724.234244,11756.99416,8108.987145,25508.7755,16298.51809,11669.39473,12588.07867
5,country,Belgium,0,0,0,0,0,0,0,0,0,0,0,0,12277.06931,38322.45715,34018.11601,32658.06099,50684.88511,80127.23127,17289.33973,21961.73332,576.1246018,49231.60331,41540.85731,40686.63258,10028.8284,55199.15677,40204.99878,29626.8682,43580.79861,13802.0052,14489.90641,26437.79849,10228.25876,17498.16184,2935.414389
5,country,Belgium / Luxembourg,6314.44,6270.93,11407,4903.56,1371.38,11603,8026.12,7252.12,28845.3,122304.174,86361.71,100646.089,0,0,0,0,0,0,0,0,0,0,0,0,0,0,0,0,0,0,0,0,0,0,0
5,country,Bulgaria,-2.5059999,-6.07,-2.714,-3.2109999,0.18,-8,-28.5,-1.901785319,0.1143511859,17.43077921,3.040353694,7.785165144,27.29283328,26.29695926,-205.6210537,309.7796348,176.7566842,282.2191015,764.7855861,-94.88180048,313.2427679,399.093765,325.1238288,186.744491,267.638604,137.9942596,405.077717,330.5626913,248.6052916,449.469145,235.2064212,382.7133844,584.5960135,700.4559133,638.6074893
5,country,Croatia,0,0,0,17.77577927,6.765991495,7.052791294,26.29396971,251.0787556,162.6331715,64.31181616,47.73607407,145.0966882,589.3021505,143.0278884,402.741597,267.3276128,324.1974434,383.4479992,1542.29451,1175.990174,99.06971128,297.7841255,-52.02061185,-71.73074852,2027.443253,-36.86519283,-816.5363059,587.4738765,249.8500383,-114.8810198,36.8063494,972.4541726,-400.5217903,1179.901539,2509.660282
5,country,Cyprus,4.5839999,14.6419999,14.6809999,12.2639999,6.0949999,15.693,35.17,28.01079141,70.72284524,180.4763767,168.6124931,245.4431786,508.7649985,571.9535158,8517.847026,11016.95065,16806.25058,23840.7202,14370.46598,63108.93139,33871.86378,43625.71261,68870.49395,30452.88532,58462.66257,33522.86048,-798.9843245,29210.36503,79261.70425,118184.7972,-105572.0082,7753.618133,-980.2699014,-2056.199273,-564.7976344
5,country,Czechia,0,0,21,90.1662962,119.620915,36.60792669,152.8832304,25.2378669,127.0770603,89.89505108,42.84374482,165.3516602,206.4633383,206.1646992,1014.299722,-18.74159967,1467.967215,1620.192474,4323.101074,949.4733231,1166.815109,-327.3978718,1790.20733,4019.162867,1619.53163,2487.443468,2181.805996,7560.010489,8662.556097,4128.152732,2989.694208,7734.380863,5674.953975,5970.278761,8316.954608
5,country,Czechoslovakia (former),19.6,14.32,0,0,0,0,0,0,0,0,0,0,0,0,0,0,0,0,0,0,0,0,0,0,0,0,0,0,0,0,0,0,0,0,0
5,country,Denmark,1482.23,1851.99,2236.05,1373,4161.78,3070.129249,2517.818741,4209.276761,4477.05732,17014.89628,26549.0886,13360.85606,5700.01938,1138.490544,-10365.44451,12979.93733,13966.72165,12985.04014,18654.40387,5994.276489,4161.066521,13207.80038,27700.81968,7716.740885,10508.02944,11665.43548,2738.527449,12458.48409,-4364.475513,36047.9662,12195.22261,28239.35247,8840.963281,17966.08649,13265.53804
5,country,Estonia,0,0,1.906562017,6.08919975,2.2600885,2.485219353,39.36223029,138.6931095,5.829668303,84.4851042,61.42067431,201.7870086,131.6305115,155.0267823,268.9126595,662.8339178,1016.793009,1684.142244,1141.800598,1375.00248,167.1303061,-1454.065637,1053.539601,437.3811435,-97.04537484,254.4479363,467.8877942,263.400601,-31.26901102,1881.683501,304.526363,-1013.355564,995.737693,1459.991415,740.538681
5,country,Finland,2217.36196,-104.4141373,-736.1911425,1585.432058,4490.81274,1438.524826,3527.099626,5235.398383,18788.4447,6615.129333,24030.25889,8370.42532,7371.201355,-2279.472345,-1079.522949,4222.603592,4804.921588,7202.891385,9296.590618,5681.083236,10167.17679,5011.066858,7543.421895,-2307.442725,1744.746456,-16083.58149,24276.63767,-573.7734549,11455.26777,4865.23762,5856.042106,9155.594244,13274.72768,826.088837,5415.146825
5,country,France,38302.21284,26786.93132,31854.06247,19716.12619,24538.6148,15681.73494,30123.53392,35905.979,49016.29953,126854.4374,161947.6691,52823.68838,23299.60943,18440.6016,22964.74269,68057.00642,76766.84551,110643.0271,103281.1235,100865.7582,48154.80932,51414.9078,35440.33489,33788.43217,57329.98552,84962.83147,62286.64409,33761.48033,95771.94333,52400.37793,21861.64344,53640.83009,53309.5204,72608.23494,40949.68016
5,country,Germany,24234.82265,22937.18741,18599.51334,17196.16892,18859.38415,39048.61387,50804.7077,41798.14424,88824.87057,108688.3821,57085.94435,39889.42202,18942.59282,5568.085423,20311.54073,74543.06571,116680.1833,169319.8807,71506.73161,68541.04992,125450.8142,77928.90298,62164.49054,39530.25965,84725.55897,77173.54932,75424.50909,89415.41555,114143.7364,150084.2024,38433.97304,160831.1354,117532.3307,78157.9603,38524.91963
5,country,Greece,10.706,-25.741,46.4979999,-22.4319999,15.786,41.5949999,-25.3679999,155.663,-275.6,552.1,2136.539525,616.1018693,652.4747071,412.2866617,1029.222775,1467.815749,4045.081109,5245.963117,2417.548614,2055.031444,1557.258177,1772.421127,677.5074715,-785.5767315,3019.14365,1578.164873,-1666.990119,168.3397488,476.8959059,641.5321804,548.5780794,1109.220172,3197.815177,4511.656299,2617.794476
5,country,Hungary,0,0,0.155,10.705,48.9979999,59.09325992,-3.639115083,461.4864901,278.1252041,249.9780726,620.4809713,408.8351886,536.3271431,2152.091734,1394.742059,2243.951859,4437.677065,4431.954081,2642.194563,1848.075529,1211.760217,5081.365466,11785.82642,2022.29648,3854.186144,-16071.80674,-8300.001908,1255.134651,3362.745603,3193.891683,4435.211839,4674.109237,4564.007255,5256.032556,4825.680829
5,country,Ireland,363.884,193.144,214.387,220.008,436.7149999,820.864,727.9669999,759.8068956,3904.756673,6108.922927,4628.70831,4065.288006,11025.36351,5549.448441,18068.82594,14312.54042,15323.5124,21145.90262,18948.98744,26615.52589,22348.33685,-1164.932474,22546.74969,23048.01116,39099.01293,168130.4782,39044.96248,-890.1842501,4962.37476,34255.92986,-10534.47949,37494.05673,-29558.01454,11289.52035,24931.53947
5,country,Italy,7613.528,7326.115,5946.708,7221.316,5109.541,5731.796,6465.318,12242.238,16079.357,6721.52,6685.91487,16003.33957,11371.59851,2173.60959,14282.83573,39362.28424,43796.51781,96230.96527,66999.67041,21275.47257,32685.29955,53667.29918,8007.251758,25141.22954,26361.37792,21644.29158,16180.73543,24530.71023,31542.316,24361.69784,2928.592151,29554.31972,17048.85302,21148.52299,37040.12382
5,country,Latvia,0,0,2.2999999,-4.810959926,-63.29254113,-66.25687333,2.977757422,6.085206665,54.598505,16.67216367,9.655426571,14.17436971,2.823396546,45.14499444,104.3005345,128.0903348,170.6097165,369.5400458,243.1610942,-62.51363144,41.05715553,61.16590557,192.7292257,411.7139252,542.0270216,71.00854322,160.5012065,141.2094305,206.667202,-104.1111594,254.7098478,2324.085091,107.4109332,706.0680766,145.0389116
5,country,Lithuania,0,0,0,0,0,1,0.1075,26.975,4.1825,8.6225,3.697499975,7.0975,16.65234321,37.99573324,262.8745972,393.2746356,308.8914006,554.1732021,614.0696525,554.8987765,42.24913747,749.4491593,540.9009963,131.9343914,58.98529353,377.1774104,43.15822098,78.5802239,699.4799072,381.6625545,-12.81544615,1341.286869,545.3948089,819.4498508,-3.61514899
5,country,Luxembourg,0,0,0,0,0,0,0,0,0,0,0,0,10217.47479,850.6957555,6773.195,8211.019215,10035.0305,71293.66503,11506.1574,8268.305728,23252.71739,10715.79818,-13397.25091,46620.62554,43420.61563,31919.44968,-1240.840362,15019.03503,21857.12329,176767.3149,103045.5531,104480.9307,-192435.1112,-21134.4665,108598.4262
5,country,Malta,0,0,0,0.8684529244,3.106469077,1.288736443,72.85493902,33.83717737,21.26345029,58.32987971,20.02948213,8.74002255,-26.23025053,544.7790441,8729.633148,14262.71216,7528.946322,18682.86758,13982.82228,-4447.904057,-409.8865631,9699.158691,2600.591293,2661.974633,2280.805867,5269.055808,5408.622789,2721.626846,2234.385643,1221.803675,142.0270107,3448.809099,856.5530147,692.1680507,-101.3213305
5,country,Netherlands,14371.94377,13484.54395,13153.77156,9930.079593,17242.57293,19223.04191,31181.99699,24618.08363,36822.53929,57610.42459,75634.42049,50593.01483,32017.59917,55888.26162,40743.14131,119688.355,72582.76767,55605.10129,68491.59556,129619.0881,112233.796,108084.4507,77826.48973,172059.8977,182270.2696,378551.2038,217059.3965,159262.5479,-78551.95968,-133449.2363,-175362.4101,126012.8667,44882.16976,-195862.4581,54729.50601
5,country,Poland,5.357,-7,13,18,29.0457162,42.06220257,53.03957568,45.13172059,317.6612764,31.0049381,17.02687716,-210.8227603,136.0182409,-300.4549843,165.8624616,1346.738924,3857.455362,1680.183424,1858.589803,1806.360582,7226.544622,8942.099668,-789.2425703,-403.0538312,2751.082567,5083.777689,11650.78954,2244.81588,895.1974919,1898.746541,880.9300718,3234.740674,6614.818325,8523.064694,2166.049799
5,country,Portugal,147.5944886,413.8300218,600.8551878,138.3466183,282.4658755,678.4727672,711.7745127,2072.803109,4058.278746,3191.346509,8054.996315,6279.834632,-313.4986589,6770.969286,4086.548315,2628.359313,4497.682277,7355.900661,695.4915497,878.8134809,-10036.87592,13650.8529,-2314.361599,2626.645845,-3028.292809,5092.889693,1571.100294,-457.338334,1596.872868,4013.851937,2166.296476,1745.796161,4158.067633,5881.922783,7821.34916
5,country,Romania,18,3,4,7,0.01,2,0.01,-9,-9,15.98078896,-12.89847061,15.21239184,20.704908,117.3769855,154.2157904,-39.79505546,422.7608416,277.8393678,276.0347164,-96.25710051,-50.06456569,-26.47093577,-114.2781518,-280.7756159,-373.9853598,562.4320426,4.615793208,-96.59854712,379.0040294,362.5755086,53.08929922,141.1009422,1297.355585,414.1256866,39.1646341
5,country,Slovakia,0,0,0,12.77234673,17.69397843,-41.39546467,56.53477394,95.10295631,-192.2075272,551.9306391,40.6430808,92.67478591,15.61997082,339.7081826,-28.12016899,191.4316271,632.3762045,672.8352481,550.1080309,904.406933,946.1250654,713.1986293,8.364448396,-312.984926,42.81282797,5.948796183,95.55079365,1325.384598,321.6946238,43.27605354,348.1014408,297.205403,681.9503919,88.95327408,575.5959876
5,country,Slovenia,0,0,-1.8,1.3,-12.96577155,-10.20247986,7.110596312,31.41291184,-5.493341286,47.6227511,66.08715672,144.2868519,151.6041597,475.1420374,545.7513053,628.608914,838.916829,1578.874901,1408.418354,214.0188902,-18.08766365,198.3248883,-258.845629,-213.8191852,275.552045,267.3977957,289.8588834,338.3856448,280.8638058,609.6659935,518.7857079,1355.959948,689.1148497,855.3912028,752.3622942
5,country,Spain,2685.284631,3424.604522,1734.411448,2842.00166,3936.943528,4577.435515,6842.110476,14396.60673,20375.91159,44382.27432,58213.26516,33106.36066,32714.7259,28717.45554,60531.68191,41829.47073,104248.0264,137051.7096,74717.21097,13070.24032,37843.80269,41164.16929,-3981.857756,14198.81798,38669.9082,47270.60912,31615.41697,21573.41196,34576.01338,27564.82879,36022.59722,27697.41713,54409.95594,40278.31841,49235.29857
5,country,Sweden,14746.23242,7054.650622,408.6678354,1358.01838,6701.140492,11215.42631,5025.529529,12647.72642,24478.63927,21927.56852,40906.91796,7301.422824,10600.28273,21422.4058,23158.05516,28633.00188,26788.60163,39079.44789,30907.5875,27318.77677,20729.87657,30318.13156,29370.98341,33081.82261,11457.28116,9540.429931,93.55301746,27650.7043,21505.9664,15474.5823,23052.75534,29924.32753,66712.89846,47138.02175,27368.75116
4,region,Other Europe,26718.59203,24427.33146,27615.00273,37826.01556,47526.36131,63786.50949,59622.22158,86947.00334,145406.3221,244858.8822,289183.1887,77225.26167,70893.16433,93333.55664,148940.1114,180993.0688,208066.2139,452023.1082,319408.6296,111621.7856,191802.3778,210063.0293,110786.6828,158072.2387,-81086.09642,66239.60472,88027.42571,197074.3761,192769.1151,-14751.14302,-132247.0931,81115.28387,65427.82971,200867.5288,41420.08415
5,country,Albania,0,0,0,0,0,0,0,0,0,0,0,0,0,0,13.65840333,4.10386497,10.38712085,23.89692296,81.13670487,39.19882516,6.381076492,29.77667494,23.03499706,39.8167209,33.35857465,37.66781316,64.20048261,26.1858768,82.54898024,127.8328311,87.51510555,63.0873785,181.0506053,264.6295575,261.1999264
5,country,Belarus,0,0,0,1.8648435,6.023764,0.26,-1.0346124,0,2.2691772,0.8,0.2,0.3,-206.2,1.5,1.3,2.5,2.9999999,15.2,30.6,102.3,50.6,125.5,121.1999999,245.7,38.9999999,122.2,113.8,70,49.7,16,87.9,-71.4923615,170.5976676,55.0703,132.6603
5,country,Bosnia and Herzegovina,0,0,0,0,0,0,0,0,0,0,0,0,0,0,1.523654676,0.4450887634,4.105011321,28.01259622,16.53085673,5.533813011,45.63362535,17.53735049,62.3087484,44.47642646,18.38458251,72.67634061,38.61798268,78.51699012,1.795423857,34.60664472,72.55556442,51.69660094,47.5751112,114.0752116,65.86337596
5,country,Iceland,11.56410529,28.67976466,6.325385475,14.33364101,23.76173075,24.82544129,63.62406015,54.79216352,73.7052607,120.6188403,389.6412812,344.1122673,323.7775429,376.5920557,2565.018371,7072.419449,5472.812767,10108.68785,-4252.949758,2248.742296,-2367.85442,17.65355227,-3205.641214,460.2654345,-257.0182209,-31.25910927,-1147.339319,-208.2374536,75.96478883,478.8316182,-426.7779453,2.708899033,-46.05266494,204.6933141,121.4209893
5,country,Montenegro,0,0,0,0,0,0,0,0,0,0,0,0,0.1016422757,5.725495748,2.588515766,4.418494628,32.79219109,157.3364648,107.9635257,45.69051863,29.21680152,17.14591544,26.67372484,17.32784381,27.44941732,12.27560191,-184.8796794,11.42666712,108.9743387,75.47976482,-5.15889794,10.98583041,52.5985151,57.38278556,67.76907727
5,country,North Macedonia,0,0,0,0,0,0,0,0.0739719,0.010099,0.302874,-0.6028,0.8722,0.1045,0.3148863362,1.17813538,2.870095259,0.1718880349,-1.20061371,-13.87579888,11.20227327,4.773359204,-0.2948655393,-25.56688347,30.31219204,10.23229843,15.46306668,23.85455713,1.979833034,12.24852794,39.7203328,53.36147325,98.15026505,95.57680482,96.93641278,180.628656
5,country,Norway,1583.292597,1448.725424,-120.2027516,718.481336,2171.849274,2856.281451,6104.675952,5289.111318,2542.312229,5832.543719,8221.917235,-1183.876152,5271.062078,3621.921353,3219.188142,17184.78851,15138.31348,8708.951545,22261.52482,19307.66992,17669.42359,16545.12981,19011.25913,6713.87234,17113.87616,28244.56826,1157.380952,-7878.578328,8374.177682,-502.5,-10368.28075,10684.86612,28531.85305,13627.89567,2513.997752
5,country,Republic of Moldova,0,0,0,0,17.8,0.52,0.56,0.45,-0.74,0.06,0.08,0.12,0.45,0.11,-1.6,-0.16,-0.93,17.3599999,16.0799999,5.4,2.87,22.52,16.84,22.09,36.62,18.74,9.12,12.94,37.5,43.24,-1.97,32.5,50.29,15.17,99.96
5,country,Russian Federation,0,0,1566,1021.942,281.37,605.783,922.8239999,3183.909,1209.752,2195.12,3151.86,2502.058,3483.838,9550.095,13662.787,16746.644,29839.958,43849.381,56735.403,34449.682,41116.463,48634.931,28422.531,70684.768,64202.54,27089.944,26951.18716,34153.09611,35819.67131,22023.98224,6777.73,64071.65,11509.97,29748.4,11691.08
5,country,Serbia,0,0,0,0,0,0,0,0,0,0,1.646397549,12.3435137,19.97835396,118.894986,-3.00360706,22.20812814,87.54983685,945.6351846,330.7474273,23.51830663,184.9865956,317.5259236,331.2880151,329.0324801,356.3734858,346.2484289,249.8101722,146.601231,362.790848,294.4567271,112.2031051,264.4026706,40.6265622,308.166971,656.1217745
5,country,Switzerland,7175.559331,6541.189269,6056.662542,8764.09361,10793.38154,12210.03493,16151.97288,17731.91117,18767.4247,33276.21558,44673.03001,18319.51695,8202.950064,15441.65151,26269.40088,51117.50912,76503.65758,51598.41031,44858.74569,26241.4919,86182.50376,48548.6441,44076.60043,38539.15956,-11528.30493,77186.41238,98210.18625,27957.35205,64954.96327,-50016.42962,-32848.73609,-78658.32563,-71086.37046,88957.55476,250.6701433
5,country,Ukraine,0,0,0,0,8,10,-5,42,-4,7,1,23,-5,13,4,275,-133,673,1010,162,736,192,1206,420,111,-95,100,281,-127,842,22,-198,344,42,-162
5,country,United Kingdom,17948.176,16408.737,20106.21755,27305.30013,34224.175,48078.80467,36384.5993,60644.75571,122815.5886,203426.2212,232744.4166,57206.81489,53802.10215,64203.75136,103204.0719,88560.32204,81100.37591,335885.1636,198185.1807,28964.71362,48091.79531,95587.37529,20699.88484,40485.57046,-151285.9329,-66821.48041,-37605.82207,142373.0341,82961.10106,11717.47857,-95876.92308,84644.42656,95351.66929,67170.1434,25297.31664
3,region,North America,36218.544,38530.09,46238.078,82948.969,82545.506,103535.606,97522.216,118834.5342,165354.1004,226638.4137,187304.172,160901.8231,161718.7423,152276.2354,338251.7587,42907.45646,270433.724,458145.1297,387573.253,327502.0848,312501.7615,448716.9367,374060.3619,360794.1061,393284.6495,331799.3147,353975.6195,403969.4217,-99357.95299,112548.1182,268131.9045,347857.307,386971.6821,453761.7738,352410.8453
4,country,Canada,5236.544,5834.09,3591.078,5701.969,9293.506,11461.606,13096.216,23065.53423,34350.10044,17247.41373,44678.17199,36028.82306,26772.74233,22924.23539,43346.7587,27538.45646,46213.72404,64627.12969,79277.25296,39601.08477,34722.76151,52147.93675,55864.36186,57362.10612,60270.64947,67440.31467,69506.61954,76188.42165,58049.04701,77492.11821,43666.90452,105975.307,83995.68209,93347.77381,86043.8453
4,country,United States,30982,32696,42647,77247,73252,92074,84426,95769,131004,209391,142626,124873,134946,129352,294905,15369,224220,393518,308296,287901,277779,396569,318196,303432,333014,264359,284469,327781,-157407,35056,224465,241882,302976,360414,266367
3,region,Other developed economies,54726.55814,35470.71644,23918.67334,16122.07475,25581.31134,31389.52233,33753.64315,35411.29582,32531.38554,28627.39915,43222.47987,51163.70583,43632.03823,51870.9093,50066.79902,19968.81782,99325.42588,119238.4004,186584.5071,109305.6293,112969.8488,148714.9132,163122.5836,169946.0229,182143.2231,161423.6137,202976.8407,214267.2952,197456.1313,285067.5162,145210.7047,286672.2131,359141.9268,247462.5493,277503.0934
4,country,Australia,194.3702871,417.5235246,4591.488268,1409.667066,2187.534272,2532.931069,6174.3853,5804.598554,2547.382572,-14.83918836,2864.05037,10454.4232,6579.519277,15023.57466,7390.329105,-35783.17945,20007.22908,11897.21104,30395.57785,16409.4245,19803.51508,1716.414139,7891.894914,1441.342292,18185.25997,-9337.460277,2304.472908,7799.901898,7824.944785,8718.761883,5444.278896,2795.171962,119494.5563,11413.16949,14068.62273
4,country,Israel,261,355,256.218,744.6939999,673.916,574.154,436.7629999,750.0119999,1162.791,829.556,3335.365,687.5499999,980.98,2109.547,4545.128,2948.633,15462.697,8633.134,7213.517,1776.283,7998.886,7400.746,2275.709,3858.293,4525.503,10968.5,14578.51,7624.335,6086.597,8689.607,4578.849,10369.197,10955.247,7911.259,10477.644
4,country,Japan,50774.90469,31638.29645,17304.24553,13913.02002,18120.89073,22630.33226,23427.81051,25993.08792,24152.06677,22743.01579,31557.38319,38332.88927,32280.79322,28800.47269,30951.40628,45781.24626,50265.9464,73548.81703,128019.5387,74698.74137,56263.41224,107599.1459,122548.7307,135748.8233,130843.1812,136248.5192,155936.7476,164587.8519,144982.1225,232627.1713,99708.19546,208985.4337,162126.2552,196742.4968,204379.6138
4,country,New Zealand,2363.083164,1468.69646,391.0215438,-1388.806329,2008.870337,1783.605008,-1238.615665,-1565.702649,401.4452027,1073.766544,609.681303,-1077.456647,331.1457365,892.5149527,-46.3643715,-1339.181987,447.4534065,3223.388306,1096.483521,-1000.699615,715.5055014,2687.607145,-433.4510808,529.7643943,471.0609492,-58.57822285,195.6102553,227.3680022,377.0953006,-168.6568393,658.2112994,-1451.407554,746.2672372,-813.0515655,-45.391053
4,country,Republic of Korea,1133.2,1591.2,1375.7,1443.5,2590.1,3868.5,4953.3,4411.3,4220.3,3967.2,4842.1,2743.5,3437.2,5018.8,7195.6,8330,12563.1,21831,19536.5,17400.5,28221.6,29647.7,30598.7,28317.8,27998.5,23687.1,29889.5,34069.4,38220.4,35239,34832.4,66000.6,65799,32171.9,48588.8
4,country,Bermuda,0,0,0,0,0,0,0,18,47.3999999,28.6999999,13.9,22.8,22.3999999,26,30.6999999,31.3,579,104.85,322.89,21.38,-33.07,-336.7,241,50,119.718,-84.467,72,-41.5616017,-35.0283023,-38.36713,-11.23,-26.782,20.601097,36.7755047,33.8039611
2,region,Developing economies,11974.77583,9503.005703,20998.79586,32821.40075,43075.67629,48276.57635,55314.56332,59668.16076,37206.532,50348.03565,83948.42206,54936.19996,36365.15219,35703.42772,106932.6915,103260.0483,188900.9354,256769.163,256553.2246,230061.5821,336767.6961,356826.3264,326248.7458,392188.8254,427318.7641,387344.0582,386826.348,450710.2511,373484.4651,396116.6033,380053.1473,504286.4453,547939.3765,517427.9857,491478.3856
3,region,Africa,658.2757643,1336.071191,2385.002853,575.6480626,1912.415175,2975.567065,1817.364618,3556.959739,1618.926937,2603.132343,1548.069778,-2639.460539,367.8218495,1376.662017,2960.874432,2010.992092,8186.039521,10827.12772,9954.445953,6373.819648,10398.54368,5317.840599,10527.43488,11096.48421,10541.45032,9575.536023,8437.16572,11267.43418,7916.241095,5172.733485,2459.277213,5097.836212,3958.689391,196.2599298,2447.385244
4,region,North Africa,135.2227998,262.6349999,-109.8919999,-429.549,122.0506165,132.5015365,98.6211899,467.8969517,324.4536233,291.6172816,248.4138902,299.3144164,25.0290819,129.7362549,724.1680794,286.757852,1134.313031,5391.73893,8653.777945,2498.191452,4780.820747,1490.309903,3098.365994,392.0934269,769.5345478,1364.095196,1514.733018,1369.852175,2269.299043,1727.294774,355.7128425,993.8709286,1170.943526,1577.411969,1244.235062
5,country,Algeria,4.6887999,0.001,0.001,0.001,0.001,0.001,0.001,0.001,1,7.5999999,13.6999999,9.3,98.5699999,28.320633,245.449809,-20.193425,33.973133,150.627112,317.982705,214.813772,220.493962,533.510476,-41.3013347,-268.410758,-18.2972368,103.2047136,46.856674,-17.5446015,854.1769342,30.98985,14.67022,-51.5397,85.07621,83.51073,53.4515729
5,country,Egypt,12,62,4,25,62.2999999,34.2,4.9,165.9,45.5,37.5,51.2,12.4,27.8,20.6999999,158.9,92,148.4,664.7999998,1920.2,571.1,1175.5,625.5,211.0999999,301,252.6999998,181.6999998,206.5999999,199,323.5,405,326.5,367,341.8,390.4,508
5,country,Libya,105.2339999,173.834,-150.5929999,-479.35,28.0496166,82.9005366,63.32019,284,255.788,225.954,98,175,-136,63,286,128,474,3947,5888.2,1165,2722,131,2509,6,77,394.7989999,440,110,275.5377969,376.5,-487.2,-55.35,50,-164.1833333,-56.5111111
5,country,Morocco,13,23,32,23,24,12,28,8.795951752,20.36562332,18.06328165,58.51998945,97.0538795,28.32876612,12.28277966,29.80372169,74.61920517,444.8825433,609.0208768,485.1922434,470.2560475,588.7734105,178.9892792,406.12208,331.9612159,436.3373359,653.2948942,579.6596067,1020.945109,782.0818482,892.9949186,458.3626545,644.4913291,640.9032484,1227.763989,693.597968
5,country,Sudan,0,0,0,0,0,0,0,0,0,0,0,0,0,0,0,0,0,0,0,0,0,0,0,0,0,0,0,0,0,0,0,54.2,0,0,0
5,country,Tunisia,0.3,3.7999999,4.7,1.8,7.7,3.3999999,2.3999999,9.1999999,1.8,2.5,26.99390084,5.56053687,6.330315883,5.432842308,4.014548725,12.33207187,33.05735451,20.29094088,42.20299641,77.02163271,74.05337432,21.31014789,13.44524903,21.54296899,21.79444889,31.09658804,241.6167372,57.45166723,34.00246405,21.81000554,43.37996798,35.06929944,53.16406753,39.92058379,45.69663229
4,region,Other Africa,523.0529645,1073.436191,2494.894853,1005.197063,1790.364559,2843.065529,1718.743428,3089.062787,1294.473313,2311.515061,1299.655887,-2938.774955,342.7927676,1246.925762,2236.706352,1724.23424,7051.72649,5435.388794,1300.668008,3875.628195,5617.722933,3827.530696,7429.068886,10704.39079,9771.915774,8211.440828,6922.432702,9897.582009,5646.942052,3445.438711,2103.56437,4103.965284,2787.745865,-1381.15204,1203.150182
5,region,Central Africa,51.5402172,51.7465661,79.5859699,42.9758998,14.1979969,34.8612053,22.5756813,31.73811295,0.3958481444,17.25733682,37.05180993,46.4967961,-49.24630601,-28.13416492,-12.81172467,80.2834349,-25.1563216,139.1305867,-54.0224435,166.9520368,346.363,-230.0864297,356.0652253,25.38109787,173.707949,404.4392096,366.1993483,261.7877696,79.37260195,421.8443134,278.4205131,498.3313145,489.7512949,127.9968347,402.7444004
6,country,Burundi,0.0058392,0.0275463,0,0.135926,0.102904,0.600583,0,0,0,0,0,0,0,0,0,0,0,0.0350319,0.5815179,0,0,0,0,0.1667296,0.0273823,0,0.6622634,-2.6803809,0,0.7480321,0.639981,1.0988293,1.6268625,1.0506376,8.5480669
6,country,Cameroon,15.0955999,21.5167,33.0572999,22.1073999,0.39625,0.601024,8.0951599,-3.8980999,24.015,-11.6626999,9.6748999,35.2098999,-33.13,8.48761,9.54409,-23.169,-47.993,-6.0199999,-47.3152106,-140.761,-35.802,-110.162,-70.545,-137.5279999,-10.112,55.8175694,-38.9,21.8833114,107.9376627,125.9084995,84.4150557,54.8216607,27.3461774,-109.1332854,5.5562376
6,country,Central African Republic,3.79043,3.5022199,5.85587,5.3185,7.20455,1.4244272,1.4895846,0.1730432,0.3017194,0.0064966,0,0,0.0012923,0,0,0,0,0,0,0,0,0,0,0,0,0,0,0,0,0,0,0,0,0,0
6,country,Chad,0.0598481,10.5031,13.7745,10.9300999,0.561955,-2.4541819,1.2647785,0.9457415,-0.3034145,-2.147153,0,0,0,0,0,0,0,0,0,0,0,0,0,0,0,0,0,0,0,0,0,0,0,0,0
6,country,Congo,3.793,1.3089999,1.208,1.129,-0.912,1.619,-0.391,3.4969999,-8.1359999,19.3129999,3.846,6.631297925,-6.239705705,-2.930144529,-4.649005745,0,0,0,0,0.8894799931,0,12.15387419,-6.863495956,-13.51712303,-21.47588781,-16.15691591,10.38127178,44.9336032,13.61487363,22.64583554,27.17333718,24.9095863,24.9095863,26.3644704,25.3945477
6,country,"Congo, Democratic Republic of",0,0,0,0.882894,0.00001,0.2003426,19.3480947,17.1889587,-1.2226697,-1.0653859,-1.8,0.9,21.9906618,23.431563,7.5655346,13.445435,18.3567469,14.3025547,54.0572491,34.8005569,7.2,90.875696,420.5349337,400.6632725,343.6010833,507.7800897,272.3339477,292.224618,209.2312957,133.9246292,148.8362484,192.358713,436.3994669,200.8905014,197.8045622
6,country,Equatorial Guinea,0,0,0,0,0,0,0,0,0,0,0,0,0,0,0,0,0,0,0,0,0,0,0,0,0,1.266380287,27.65920445,-26.87301921,-208.8410113,166.0252118,16.5014436,225.1832146,-0.6877649,0,153.7793831
6,country,Gabon,28.7955,14.888,25.6903,2.47208,6.8443279,32.8700104,-7.2309364,13.83146955,-14.25878716,12.81307912,25.33091003,3.75559827,-31.86855441,-57.12319339,-25.27234353,75.4069999,1.3799315,114.767,-61.4459999,271.8229999,374.865,-223.2539999,12.536,-225.3139999,-146.0519999,-150.376,45.2999999,-83.709,-62.9283333,-33.7791111,0,0,0,0,0
6,country,Rwanda,0,0,0,0,0,0,0,0,0,0,0,0,0,0,0,0,0,12.946,0,0,0,0,0,0,3.78782,3.45328,47.75656,15.68657,17.96415,5.43231,0.001,0.001,0.001,12.4721388,9.8639104
6,country,São Tomé and Principe,0,0,0,0,0,0,0,0,0,0,0,0,0,0,0,14.6,3.1,3.1,0.1,0.2,0.1,0.3,0.4027876,0.9102186,3.9315511,2.6548061,1.0061011,0.3220671,2.3939645,0.9389064,0.8534472,-0.0416894,0.1559667,-3.6476281,1.7976925
5,region,East Africa,2.564828897,11.5933265,46.47796578,41.9870153,19.12062135,38.62109981,9.352335895,19.51628885,12.27752037,15.44088195,19.50878789,13.27134563,24.96571554,6.995970148,43.69055957,125.5260394,53.32043526,126.6296329,119.0065933,121.8255747,239.3031596,221.3395591,304.3447265,266.6349813,237.6834638,206.7091922,151.2820491,-288.1310436,248.2575377,194.4474066,1495.644568,2064.632834,1800.803671,759.0564876,1519.72399
6,country,Kenya,-0.4426505,0.2,-0.0949822,2.7881851,0.9644009,13.1999999,-2.6928127,2.1499999,0.01,0.01,0.01,0.01,7.4176872,2.0752347,4.4161046,9.6877658,23.9577672,13.3307644,9.2900393,23.9837931,23.7535477,25.1539149,25.7316419,22.9713763,17.2186405,14.9088449,11.2173819,13.5727217,11.2492037,10.7693016,1297.115039,1839.901278,1501.587845,587.540202,1309.676442
6,country,Madagascar,1.345,-0.413,1.899,4.9459999,2.7989999,1.5209999,-0.782,-1.514,0,0,-0.921,1.119,0,0,0,34.8999999,11.1999999,38.5,44.6,26.1999999,43.5,42.2999999,36.3999999,15.6,36.7999999,81.9,89.7,105.9657034,117.8962738,101.61823,119.0934068,114.3272895,142.0174636,119.2640975,125.2029502
6,country,Mauritius,0.5382312376,10.86102362,43.30728899,33.26155938,1.057882898,3.623542674,2.674377789,3.181794437,13.71250422,6.43219592,12.68590759,2.849364729,8.57753154,-5.483576152,31.67445497,47.53154644,10.15513386,56.97186854,52.15655401,37.45330071,128.6853081,157.8102139,180.3660566,167.8875275,141.126526,99.66372825,28.29410965,89.22903735,98.4132644,57.70501978,16.08765796,67.92649347,128.6808663,16.17064002,38.32839506
6,country,Seychelles,1.124248159,0.9453028845,1.366658987,0.991270918,13.32254056,16.98255134,12.48266591,9.887711516,3.00091785,8.998686028,7.7338803,8.5377138,8.7317199,8.1470619,7.6,33.4067273,8.0075343,17.827,12.96,5.338,6.15,7.922,15.51,15.799,15.52,9.954,21.9251598,-497.2026384,20.3804806,24.0313672,63.0186284,42.1304422,28.1538465,35.7007489,46.1164093
6,country,Uganda,0,0,0,0,0,3.294006,-1.0282897,0,0,0,0,0,0,0,0,0,0,0,0,28.850481,37.2143038,-11.8465696,46.3370281,44.3770775,27.0182974,0.2826191,0.1453977,0.3041323,0.3183152,0.323488,0.329836,0.3473311,0.3636492,0.3807992,0.3997935
6,country,United Republic of Tanzania,0,0,0,0,0.9767971,0,-1.3016054,5.810783,-4.4459017,0,0,0.7552671,0.2387769,2.2572497,0,0,0,0,0,0,0,0,0,0,0,0,0,0,0,0,0,0,0,0,0
5,region,Southern Africa,57.44591661,247.6651354,1954.143467,326.4153936,1310.019544,2580.364425,1074.117449,2376.259306,1821.911457,1605.478515,278.1475096,-2811.632357,-242.9435862,894.351212,2193.986822,1100.324639,6359.184576,3900.474447,-409.3004934,1522.015492,2679.603568,1968.200549,3236.522966,8611.222959,7148.223428,5386.80742,5144.501442,8711.662595,4196.429034,1529.291897,-1793.019778,-926.4362107,2849.629475,-2712.302934,-1170.048951
6,country,Angola,0.9,0,0.1889007,2,-2,-1,-12.4209563,3.9734194,0,-0.088285,0,0,100.111,95.8999999,783.2359999,219.3620571,190.5850859,911.7814554,2569.643974,6.7531245,1340.429384,2092.642448,886.4757406,921.5661921,886.7924567,-784.8702166,273.005,1352.005057,5.7141675,-2349.425835,90.514469,-1057.370588,41.0663623,33.356159,33.0632146
6,country,Botswana,7.3637306,8.5082807,9.8,9.4920906,9.461196,40.90599197,-1.052884905,4.081341967,3.497496356,1.507655026,-6.72759917,367.7064145,42.88315053,206.0635201,38.76076362,-57.31814846,-49.75459902,-31.64728726,91.39912053,-7.820715737,-0.8963608503,-9.625899793,7.978067735,84.63280186,111.3669464,183.2451638,169.6936905,-0.8658096124,82.0787955,-19.79488405,-68.2567835,-32.9011602,10.09324211,-38.428109,3.019466889
6,country,Eswatini,3.0879124,15.7189424,3.0502769,8.7230656,58.2600856,30.0079984,-6.442834359,-11.97927065,23.91340524,13.24171615,10.01465454,-17.70203434,-0.5692221579,16.3653789,-1.439697571,-22.03062271,-0.6202420421,23.16418179,-7.940715766,7.021750906,-8.058766162,2.170688722,-7.51199723,-4.436223566,0.5469639056,-0.8782882499,-7.132212649,65.48392774,-10.51255983,22.20788913,-12.64214307,60.29254752,-17.38608416,-21.61849786,62.35848079
6,country,Malawi,0,0,0,0,0,0,1.8999999,0.9000389925,5.599991739,0.09999975504,-0.6000001831,-0.5960383297,4.3956415,0.2758642,1.1726573,1.6846609,5.91,13.64,18.55,-1.33,42.3,0.9450675,-4.5423233,-4.1457737,-4.7410708,-5.1059796,-4.2156352,-6.6599056,-102.2398272,23.2550852,-153.9066154,0.6362275,58.7205908,72.3211151,48.3454153
6,country,Mozambique,0,0,0,0.0578093,-0.0298895,0.2003426,0,0,0,0,0,0,-0.4,0,0,14.6,138.0999999,17.3999999,49.7999999,34.5,237.9,83.5999999,8.9,522.2999999,97,1.5,34.7,25.9835176,-25.30488,-30.8861899,153.3802,193.7281507,563.7224538,174.1030008,-44.1096358
6,country,Namibia,1.352751109,3.766314661,-0.1753149533,1.377098545,-4.449701476,-0.744398402,-2.046821031,0.5859425863,0.1808880882,0.7318135095,-2.651361762,12.74616164,5.417002656,10.42532799,22.19131257,12.64001082,11.64533968,-2.887574233,-5.075279426,61.88419622,4.89975933,14.01531979,10.53343435,5.889120834,21.93620753,102.2417814,-4.758974204,-65.63854953,98.48432553,9.141282566,51.68740943,18.34420231,12.02837534,-310.2866494,40.8104074
6,country,South Africa,27.4415225,207.8715976,1936.879604,298.0653296,1235.777853,2497.59449,1043.180946,2350.497834,1780.119676,1580.985616,270.6118161,-3177.88686,-397.9811587,565.121121,1350.064786,930.2866811,6063.308991,2965.923672,-3133.677592,1151.449136,-75.67044837,-256.8470748,2987.587044,6648.948841,7669.456152,5743.585081,4474.489806,7371.170387,4076.114369,3146.640115,-1950.835115,138.9163496,2375.846738,-2811.995332,-1274.5614
6,country,Zambia,0,0,0,0,0,0,0,0,0,0,0,0,0,0,0,0,0,0,0,269.5579999,1095.4,-1.3999999,-701.897,409.468,-1706.134228,125.089878,176.7197675,-72.0478702,45.3227673,696.1544346,64.0388007,-280.0819397,-252.7622037,159.7453796,-170.2749004
6,country,Zimbabwe,17.3,11.8,4.4,6.7,13,13.4,51,28.1999999,8.5999999,9,7.5,4.0999999,3.2,0.2,0.001,1.1,0.01,3.1,8,0,43.2999999,42.7,49,27,72,22,32,42.231841,26.7718769,32,33,32,58.3,30.5,131.3
5,region,West Africa,411.5020018,762.4311632,414.6874503,593.8187539,447.026397,189.2187988,612.6979612,661.5490788,-540.1115119,673.3383273,964.94778,-186.9107401,610.0169443,373.7127449,11.84069532,418.1001267,664.3778009,1269.154127,1644.984352,2064.835092,2352.453206,1868.077017,3532.135968,1801.151748,2212.300933,2213.485006,1260.449863,1212.262688,1122.882878,1299.855093,2122.519067,2467.437346,-2352.438575,444.0975716,450.7307428
6,country,Benin,0.273419,0.3544789,0.3778014,0.7063152,1.5581459,0,21.922,13.1389999,5.2039999,1.443887354,3.582985943,2.305470787,1.35009498,0.3148657949,-1.309899013,-0.38485747,-1.728853105,-6.092637298,-3.99280937,31.1868628,-17.91320816,59.64956153,40.33547687,58.58959762,17.27828527,32.69923447,17.38103665,31.90738763,9.770518691,27.14951429,21.5266887,42.90213741,46.57043658,13.00986596,60.28277962
6,country,Burkina Faso,-0.5509404,0.1335376,0.122093,1.5538753,6.8443187,0.2003413,0.6548698,1.0468261,5.2648351,0.19327626,0.1671404654,0.5975125471,1.715954938,1.918444597,-8.947821725,-0.1952725094,1.005947714,0.2253441192,-0.2344770603,8.483944886,-3.5313572,102.2387712,72.95990222,58.30698959,69.54529667,14.1049306,50.50784027,10.26882061,67.71334925,16.43184679,-7.138811514,-43.11930084,23.52989457,45.08912619,2.732564379
6,country,Cabo Verde,0.316715,0.544754,1.20381,0.664208,0.415187,0.57382,0.263465,0.04979785612,0,0,0,0,0,0,0,0,0,-0.3670218972,-0.05554447817,-0.829077996,-0.1631058819,-1.540237774,-11.12968417,32.30466155,9.193229301,-15.80985141,7.870029467,15.65244142,8.435525081,14.93077787,2.695010297,-1.109008644,17.90707997,7.029001959,20.2007912
6,country,Côte d'Ivoire,0,0,0,0,1.4723544,7.0085405,0.390967,49.4144544,-28.8766503,6.348881515,7.8722556,-5.1792378,-4.2031598,23.1636404,-25.5139489,0,0,0,0,-9.460255069,24.87294988,15.27170849,14.30137877,-6.401442463,16.21889846,14.40837521,28.65143263,676.0310287,144.6521602,119.5143775,1.328576431,285.2130227,167.5586445,482.0550316,562.9800368
6,country,Gambia,0,0,0,0,0,0,0,0,0,0,0,0,0,0,0,0,0,0,0,0,0,-58.2,-10,-49.0999999,0,-22.8,-1.3999999,2.3615784,0.4807893,-1.6266941,-3.4838092,-3.3863711,2,-0.6090844,-0.6651518
6,country,Ghana,0,0,0,0,0,0,1.2997534,1.6835096,26.6754107,163.3,0,9.5536176,-2.0425363,10.7496458,-0.9786598,0,0,0,7.96,6.9199999,0,25.35,1.09,8.8133333,11.8,221.4,14.6999999,15.9,81,587.81,542.4139963,198.9049212,38.3024279,55.7558808,97.65441
6,country,Guinea,0.1196963,1.109727,0.5022201,0.8797432,0.2102208,0.601028,0.5,1.5139899,1,4,0,5,0.4912717,0,0,0,0,0,63.64,-49.8,-101.35,0.82,2.01,-0.87,3.2987867,5.0152,21.1036287,1.11,-0.33,1.02,2.36,-3.12,0.0866667,0.0866667,-0.9822222
6,country,Guinea-Bissau,0,0,0,0,0,0,0.9774177,0,0,0,0,-0.3956133303,1.004321452,0.5161734343,-7.501632641,0.6957768054,0.4150012431,-0.2503823547,-0.8262524983,-0.09741923733,5.514086057,0.8582945158,-0.1488657799,0.001842479652,2.751007261,2.346367638,0.4503838489,0.3341044429,-0.4052595831,0.3898202883,0.3142883921,0.9467465438,0.5351419777,0.2987290415,0.3834940481
6,country,Liberia,5.9409999,366.3519999,58.5439999,50.942,91.301,-9.7029999,-24.449,495.127,-729.3546601,310.6032221,779.8965636,-292.0280593,402.9371501,172.9791243,304.49577,436.8439184,346.3924274,362.5773719,381.9379059,363.6359017,1518.470884,-222.3109681,1388.373413,327.1310581,-35.5302437,30.3896929,167.6633002,54.1742497,84.0757476,101.9710992,80.0736988,91.022399,91.022399,87.3728323,89.8058768
6,country,Mali,0.1836468,-1.0341411,1.5422981,0,0,0,1.554,-6.785,-0.015,0.8283268285,4.012775712,17.26647559,1.573915189,1.4229181,0.7817749889,-0.938445555,1.246916177,7.313251277,0.6051741271,-1.020784183,7.405956667,4.378361654,15.95049821,2.855843461,0.615282005,82.37154305,97.01578598,14.76345535,0.2894968501,1.011757736,1.154996811,55.87514162,43.63379031,29.66484893,35.44753539
6,country,Mauritania,0,0,-0.157796,0.1765788,1.1706861,0.2003426,0.1954835,0.1713299,0.09275,0,0,0,0.365,-1,4.008,2.023,0.057,-1.2769999,2.9849999,0,16.753,1.463,-2.676,18.6149999,27.745,0,0,0,0,0,6.0265555,5.402611,3,0.1318123,3.8973867
6,country,Niger,0.0183645,2.61248,40.7304,5.75288,-1.80654,7.14817,7.46551,1.622,0.163,-0.238753027,-0.6208074429,-3.623272432,-1.718824427,0.003441156228,7.075726171,-4.421121281,-0.9791734399,8.053965744,24.37221558,59.25631001,-59.73828787,9.286534737,2.184017692,100.7593405,88.66096226,34.13836364,40.21224098,29.0887861,38.61740352,32.02755979,14.99202539,39.25818892,8.719704064,8.358478147,12.22225582
6,country,Nigeria,414.6,411.5,260.1,532.7,328.1999999,191.7533597,597.1846595,102.972821,158.8009787,172.8176088,168.9385145,93.8835567,172.1614945,167.3213667,-260.7550936,14.619968,322.48,874.97,1058.2661,1542.02,922.72,823.5802767,1542.56215,1237.4968,1614.2945,1435.203637,335.4649942,310.830719,565.5691117,285.3188459,1473.332437,1817.909995,-2811.143713,-255.8433493,-407.9537077
6,country,Senegal,-9.5495197,-19.1416731,51.3804723,0.3531534,17.4710242,-3.4058034,1.9548354,-0.8566499,10.3398242,11.05572691,0.6488982775,-7.039188911,34.01636757,2.658293187,13.06302469,-7.721795445,9.891181702,24.70439233,126.2647804,77.12215102,2.227036588,47.45838861,55.99312083,33.32863467,27.45964298,31.3640613,223.8625412,82.41529957,52.80833027,71.06403375,99.18639353,51.67613135,70.10504194,70.73827866,48.07849819
6,country,Sierra Leone,0.1496204,0,0.3421515,0.09,0.19,0.64,0,0,0,0.1,0,0,0,0,0,-7.5499999,0,0,0,0,0,0,0,0,0,0,0,0,0,0,0,0,0,0,0
6,country,Togo,0,0,0,0,0,-5.798,2.7839999,2.45,10.5939999,2.886150538,0.4494533524,-7.252001599,2.365894391,-6.335168617,-12.57654486,-14.87104431,-14.40264683,-0.7031571128,-15.93774076,37.41745837,37.18525189,1059.773325,420.3305604,-20.67991063,358.9702861,348.6534519,256.9666484,-32.57518319,70.20570469,42.84215426,-112.2629797,-70.9392677,-54.26608988,-99.04054727,-73.35380445
3,region,Asia,9942.614476,6518.003508,15796.01653,29681.62327,36924.33515,41565.51173,50262.65766,48300.48982,27020.90725,40242.40426,74168.80163,53114.86156,30505.81176,27540.93174,85823.71951,82403.09071,138603.3166,221517.7591,209126.6457,208847.3455,271531.32,297963.9965,279380.8171,339800.6624,392165.1724,353080.4918,367206.6584,402619.0086,356419.4604,343757.9692,379077.6584,456151.2508,471404.8843,467019.9592,454305.6328
4,region,East and South-East Asia,10848.95503,6716.96738,16615.48316,29027.94355,37063.09213,42062.05204,47169.68678,48038.57631,27861.3945,38475.05745,70691.65673,51197.65255,25620.36362,26611.57063,75458.13437,65651.37471,101432.16,166277.6113,147635.3262,171214.9062,229355.7234,248206.227,243831.992,287977.4942,350216.4763,300318.5839,322640.2589,347618.7704,297273.7338,290072.3047,331712.8148,379441.4436,370576.7768,391397.0329,367078.346
5,region,East Asia,8521,5793,14221,24724,26077,29983,32487.876,32212.29,23095.43819,28385.48284,61695.56106,30431.32052,20638.51119,20588.849,56187.99684,45354.73428,70198.48301,101814.2439,114496.2483,121650.875,166253.438,183975.7814,184884.9224,204617.0226,260711.5155,231338.3754,272810.4505,257441.7345,243603.3459,203040.1617,267307.1032,289966.7158,285994.392,299311.4595,283491.4542
6,country,China,830,913,4000,4400,2000,2000,2114,2562.49,2633.807,1774.313,915.777,6885.398,2518.407,2854.65,5497.99,12261.17,17633.97,26506.09,55907.17,56528.99,68811.31,74654.04,87803.53,107843.71,123119.86,145667.151,196149.43,158288.3,143037.3051,136907.56,153710.2599,178819.3243,163120,177288.8,162780
6,country,Mongolia,0,0,0,0,0,0,0,0,0,0,0,0,0,0,0,2.2999999,54.4,12.7509999,6.243,53.8059999,62.326,94.5629999,64.656,40.9859999,107.082,11.4089999,14.4719999,48.614,37.0459999,126.97,25.97,113.36,75.85762,75.937603,55.4664354
6,country,"Hong Kong, China",2448,2825,8254,17713,21437,25000,26530.876,24406.8,16625.63119,22191.16984,54078.78406,18055.32938,13162.97641,12057.14836,43636.87725,27003.09746,44475.22667,64165.75444,48379.25061,59201.59964,86247.17956,96340.82734,83410.51671,80773.07891,124092.4778,71821.20166,59702.79236,86703.87836,82201.31403,53201.94178,100715.4597,96428.13495,106226.37,97152.42817,87246.86958
6,country,"Macao, China",0,0,0,0,0,0,0,0,0,0,0,10.59314121,71.1277748,-4.949359451,-91.87040414,60.16681937,635.8863353,22.64850638,-83.41531475,-10.52067312,-441.3775177,120.3510509,469.219736,1674.247678,681.0957127,-870.3863263,-1002.243886,863.9421879,269.6807819,1040.689947,1355.413564,3264.896574,983.1643482,42.2937499,1430.118224
6,country,Taiwan Province of China,5243,2055,1967,2611,2640,2983,3843,5243,3836,4420,6701,5480,4886,5682,7145,6028,7399,11107,10287,5877,11574,12766,13137,14285,12711,14709,17946,11537,18058,11763,11500,11341,15589,24752,31979
5,region,South-East Asia,2327.955027,923.9673796,2394.483163,4303.94355,10986.09213,12079.05204,14681.81078,15826.28631,4765.95631,10089.57462,8996.095673,20766.33203,4981.85243,6022.72163,19270.13753,20296.64043,31233.67704,64463.36735,33139.07787,49564.03126,63102.28541,64230.44562,58947.06956,83360.47158,89504.96083,68980.20848,49829.80842,90177.0359,53670.38798,87032.14302,64405.71155,89474.72778,84582.38485,92085.57337,83586.89178
6,country,Cambodia,0,0,0,0,0,0,0,0,19.7899999,9.092,6.593,7.288,6.0259999,9.6609999,10.243,6.278,8.3818211,1.0950507,20.4888249,18.873228,20.5800757,29.1650226,36.18017,62.2684064,82.0634498,87.761038,79.0744786,114.8580662,123.9636103,101.8375,127.0128912,92.4176251,150.4862804,151.4105112,171.8290244
6,country,Indonesia,-11,13,714,481,3283,1319,600,178,44,72,0,0,0,0,3408.18,3065,2725.753,4675.147,5899.73,2249.122,2664.25,7712.86,5421.65,6646.6,7077.32,5936.97,-12214.69,2077.19,8052.85,3352.18,4448.48,3844.75,7322.71,7079.58,9703.44
6,country,Lao People's Democratic Republic,0.168,0.136,1.516,0.055,1.022,4.1779999,3.4049999,1.2809999,3.0099999,0.557,9.9092909,0.3205009,0.2,-0.0264787,1.1057952,-0.0869146,0.0005867,21.4721355,-16.9319761,2.5122878,33.4549713,0.3587474,-16.858778,-28.5714289,7.057558,39.6969679,15.184319,9.7008379,0.00001,0.00001,0,0,0.00667,0,0
6,country,Malaysia,129,175,115,1063,2329,2488,3768,2675,863,1422.368421,2026.052632,266.8421053,1904.736842,1369.473684,2061.315789,3075.448431,6020.969527,11313.80597,14964.87231,7784.319762,13399.07857,15248.88072,17143.09764,14107.16936,16369.06925,10545.85277,8011.212786,5638.472807,5114.464714,6230.50185,2419.386578,4675.825876,14274.82825,6610.205009,7399.204139
6,country,Philippines,22,27,101,374,302,98,182,136,160,133,125,-140,65,303,579,981.0539999,1289.689,5277.66,2174.035,1822.847,2712.166532,2349.64114,4173.220333,3646.949296,6753.922593,4346.928635,1032.334781,1751.839754,769.5590335,699.8413147,-6.2976811,493.0950935,308.2645772,1052.397864,2879.891632
6,country,Singapore,2033.787027,525.8313796,1316.967163,2151.88855,4577.07013,7282.874035,9196.405776,12252.00531,3544.15631,8110.98787,6848.360751,20204.44043,2835.266588,3725.734425,13138.56694,12552.51142,20063.12424,40882.29049,7964.392237,32039.72472,35407.14773,31900.09382,20480.36297,45278.83002,52477.48708,45223.04576,39496.2904,66333.19574,23926.07881,67776.02008,39793.01927,61368.02624,52230.30652,62997.22886,55257.42891
6,country,Thailand,154,183,146,234,494,887,932,584,132,341.5693254,-19.82,427.4409999,170.6229999,614.879,71.7259999,551.4354963,1040.758866,2107.8967,1832.49147,4946.63226,7939.60753,6072.446177,10496.75022,11678.55894,5575.373899,1687.253306,12397.73486,13771.77869,15085.47183,8409.928927,17269.61049,18668.11294,7655.782557,15212.75113,8150.598081
6,country,Timor-Leste,0,0,0,0,0,0,0,0,0,0,0,0,0,0,0,0,0,0,0,0,26,-33,12.667,12.667,12.667,12.7,12.6668,0,-0.0000333,-3.1666667,-25.5,-25.5,-34,-68,4.5
6,country,Viet Nam,0,0,0,0,0,0,0,0,0,0,0,0,0,0,0,65,85,184,300,700,900,950,1200,1956,1150,1100,1000,480,598,465,380,358,2674,-950,20
5,region,South Asia,65.316,7.8919999,44.4159999,-127.084359,100.7609999,128.5536665,345.5448888,177.19962,176.3881599,318.8619639,540.4384136,1499.03755,1736.790428,1603.583517,2346.939588,3486.851528,14575.03407,17766.08612,21462.70514,16273.98497,16290.5664,12823.00656,10021.98113,2179.286002,12015.91987,7817.178502,5517.406076,11454.59872,11625.76908,13268.56829,11203.92702,17704.10203,15923.05839,14068.33878,24141.83163
6,country,Afghanistan,0,0,0,0,0,0,0,0,0,0,0,0,0,1,-0.7,1.5,0,0,-1.9180361,0.3349586,-0.7150337,1.1778608,-9.0398998,0.537319,-0.0191537,2.1630531,14.0060466,11.2607358,38.8037016,26.3210465,37.2284781,30.7909599,0,0,0
6,country,Bangladesh,0.5,0.4,0.1,0.2,0.2,1.7,12.5,3.06562,3.0021599,0.059964,2,20.6,4.0999999,6.2,5.7,3.2999999,3.6,21,9.3,29.3,15.4,13.0399999,43.3699999,33.7299999,40.18,44.92,38.12,103.25,18.59,20.9283923,9.5644822,79.7147768,33.2875827,5.5868852,7.1572425
6,country,India,6,-11,24,0.350641,82,119,240,113,47,80,514.4454136,1397.43655,1678.039428,1875.779518,2175.366588,2985.487528,14284.98907,17233.51512,21142.47118,16057.78101,15947.42544,12456.1607,8485.695377,1678.741353,11783.49369,7572.417124,5072.359559,11140.54816,11446.9177,13144.13544,11109.20122,17252.55023,14617.63721,13892.59525,23781.92537
6,country,"Iran, Islamic Republic of",55.996,17.972,30.686,-132.535,9.301,2.2559999,79.126,80.134,63.386,193.8019999,10.993,50,15.201,-325.706,104.5729999,414.564,148.4449999,358.571,202.1519999,95.569,238.9559999,257.6279999,1356.03,189.204,3.442,119.691,104.1123333,75.7484444,74.601111,84.8206296,78.3900617,81.6053456,100,86.6651358,89.4234938
6,country,Pakistan,2,-4,-12,-2,1,0.001,7,-24,50,21,11,31,28,19,56,44,109,98,49,71,47,35,82,212,122,25,52,52,-21,-85,-45,242,1157,32,153
6,country,Sri Lanka,0.82,4.5199999,1.6299999,6.9,8.2599999,5.5966666,6.9188888,5,13,24,2,0.001,11.4499999,27.3099999,6,38,29,55,61.7,20,42.5,60,63.9256485,65.0733298,66.8233298,52.9873245,236.8081368,71.7913757,67.8565705,77.36278,14.54278,17.44072,15.13359,51.4915088,110.3255194
5,region,West Asia,-971.6565506,-206.8558715,-863.8826308,780.7640777,-239.5579766,-625.3939722,2747.424991,83.3538363,-1047.615722,1438.295108,2927.843611,437.6818186,2722.268707,-552.8875356,9253.658746,13412.72547,23007.35445,34384.52279,38820.60242,18199.5233,17996.56725,31540.63561,24043.03674,47352.94836,26113.47329,44145.22515,44242.96758,42493.34648,48431.3958,42943.57208,38283.07181,57501.68436,86736.10046,60564.98726,66688.04149
6,country,Armenia,0,0,0,0,0,0,0,0,11.5459999,0,0,0,0.002,0.609,-0.1242516,5.3890483,22.6270663,8.8917141,30.5064609,52.240416,27.4590626,219.0815341,23.4259691,30.2628701,28.8040827,28.7519243,70.5193824,29.0568239,7.0125058,-132.995,-27.2789,24.5937411,49.7449376,53.8546113,63.0492403
6,country,Azerbaijan,0,0,0,0,0,0,3.8992603,0.004,0.02,0,0.76,0,325.6139999,933.2509999,1204.82,1220.77,705.49,285.54,555.6,326.091,232,533,1192,1490,3230,3259.769,2574,2564,1761,2431.7,825.3,76.98266,172.21,1875.225,742.439
6,country,Bahrain,25,50,53,38.6,198.6699999,-16.1,304.8,52.92553165,38.56382979,163.2978721,9.574468085,215.9574468,190.1595745,741.3546035,1035.638298,1135.37234,980.0531915,1669.148936,1620.478723,-1791.489362,334.0425529,-920.212766,515.9574468,531.9148936,-393.6170213,3190.957447,-880.0531912,228.9893614,111.1702125,-197.0744678,-205.0531915,64.36170213,1947.87234,1113.031915,275
6,country,Georgia,0,0,0,0,0,0,0,0,0,0.968,3.163983,4.0603999,4.0925,3.7625,9.5704999,-89.4773333,-13.3814,73.89403,146.61213,-18.5262,135.14802,146.61608,296.95236,119.904,406.652,309.151,407.17289,269.42751,340.19079,281.5347,22.86073,321.9866,331.6302704,289.0161564,427.9106472
6,country,Iraq,0,0,0,0,0,0,0,0,0,0,0,0,0,0,0,88.7,305,7.9,33.6,71.9,124.9,366,489.5,227.1,241.5,147.7,304.3,77.8,188.4,194.2,147.2,134.6,238.3,286,438.7
6,country,Jordan,-31.483,13.68,-3.399,-53.0349999,-23.1409999,-27.297,-43.2999999,9.83037,2.0539999,2.7,8.603666996,31.59379394,13.82228491,-3.667136812,18.19464034,163.1875882,-138.0818054,48.09590973,12.8229154,72.39436606,28.45070408,30.84507028,5.352112535,15.63380282,83.52112676,0.985915493,3.239436479,6.61971831,-7.605633803,43.38028169,26.33802817,15.91549296,121.971831,148.7323944,54.08450704
6,country,Kuwait,-239.1999999,-186.4,-1210.7,652.6658252,-1519.183481,-1021.953573,1740.094653,-969.1807126,-1867.067424,-22.99492469,-303.1765074,-242.2704948,-76.66642537,-4959.867388,2581.269087,5141.780822,8210.534296,9784.176712,9090.570923,8581.831447,5889.836145,10772.92248,6741.299104,16647.971,-10468.07464,5367.157404,4527.894125,9013.447038,3715.062939,-2696.302637,7931.542322,4666.111927,24612.99265,11189.4338,10316.57288
6,country,Lebanon,-15.9743032,3.9624462,17.2022594,48.4089175,157.7487446,10.803833,20.745998,6.2522213,37.8385335,131.7342398,137.924,3.879,0.206,610.951,827.052473,715.499,874.652,848.09,986.578545,1125.772462,486.8262728,936.6451495,1030.191525,1975.697256,1240.706833,660.2122952,1004.742727,1317.433967,631.2151208,344.7927002,28.9134562,-1338.776945,33.6193092,121.0506778,390.7184526
6,country,Oman,0,0,0,0,0,0,0,0,0,0,0,0,0,88,42,234,276,-36,585,109,1498.049415,1222.36671,884.2652796,933.680104,1357.607282,335.5006502,356.3068921,2423.927178,130.0390117,-587.7763329,-840.0520156,1178.153446,944.083225,164.8894668,1044.45427
6,country,Qatar,1.98275,2.3669554,4.5463623,4.2694931,31.2593023,4.7107639,8.9704116,14.2456702,21.427,7.1999292,17.7499138,17.2133816,-21.0426326,88.170443,437.918,351.9139999,127.431,5160.249,3657.774725,3214.574176,1863.173409,10108.52912,1840.10989,8021.429,6748.352,4023.352,7901.923,1694.78022,3522.802,4450.274725,2729.945055,159.8901,2383.791,-191.484,1562.912088
6,country,Saudi Arabia,-638.3306069,-127.9070986,195.2715475,44.8930451,286.6466578,119.5744453,323.405753,325.9598885,127.8978208,110.6814436,1550,45.629,2020.025,473,78.7349999,-349.867,-38.56,-134.8266667,3497.62,2177.27,3906.848667,3429.918667,4401.548333,4943.293333,5395.99,5389.928333,9261.958,8173.466,19252.33,14552.87,5410.923,24673.87,26531.3596,17345.12287,22045.70041
6,country,Türkiye,-16,27,65,14,49,113,110,251,367,645,870,497,143,480,780,1064,924,2106,2549,1553,1468,2331,4107,3534,6682,4809,2954,2626,3666,2973,3236,5036,4522,5853,5939
6,country,United Arab Emirates,-57.6513906,10.4418255,15.1962,30.7594641,577.0008905,62.4668735,128.6134311,231.1316778,127.3000672,317.1064169,423.6670862,213.7012911,441.1164057,991.1504424,2208,3750.3,10891.7631,14567.73315,15820.3,2722.9,2015,2178,2536.010989,8828.337875,11735.9,16691.6,15711.4,14059.946,15079.292,21226.16,18937.33,22545.95,24833.21988,22328.11436,23398.5
6,country,Yemen,0,0,0,0.2023326,2.4409092,0.4006853,8.1954835,5.0851896,4.004451,-3.9978692,-8.564,14.613,28.093,48.898,21.552,23.64,9.25,39.49,229.8619999,71.878,71.257,57.847,8.516,5.3899999,11.587,4.429,0.787,5.601,3.6056666,3.3312222,0,0,0,0,0
6,country,State of Palestine,0,0,0,0,0,129,142,156.0999999,81.7999999,86.5999999,218.1409999,-363.6949999,-346.153,-48.5,9.0329999,-42.4829999,-129.423,-43.8599998,4.2759999,-69.313,-84.424,128.0765603,-29.0922659,48.334225,-187.4553721,-73.2698208,44.7773194,2.8516637,30.8811864,56.4768843,59.1033257,-57.9543613,13.3054143,-11,-11
5,region,Central Asia,0,0,0,0,0.04,0.3,0.001,1.3600618,30.7403137,10.1897324,8.86287,-19.51036,426.3890099,-121.33487,-1235.01319,-147.8609999,-411.232,3089.53885,1208.012,3158.931,7888.462861,5394.127361,1483.807261,2290.933861,3819.302961,799.5042608,-5193.974181,1052.29299,-911.438289,-2526.475933,-2122.155239,1504.020798,-1831.051343,989.6002749,-3602.586363
6,country,Kazakhstan,0,0,0,0,0.04,0.3,0.001,1.3600618,8.1180421,4.1307324,4.36287,-25.6103599,426.3890099,-121.33487,-1278.94519,-147.8609999,-411.232,3088.516,1207.012,3159.199,7885.477,5390.424,1481.149,2286.621,3814.826,795.166,-5234.892554,913.1858821,-1094.810395,-2620.246013,-2205.8,1451.802914,-1392.514074,929.8359149,-3760.30444
6,country,Kyrgyzstan,0,0,0,0,0,0,0,0,22.6222716,6.059,4.5,6.0999999,0,0,43.932,0,0,1.02285,1,-0.268,0.037,0.062,-0.4277999,-0.0083,0.0467,-0.2358,0.0078,-29,99.9547,67.2053,2,2,-454.612,8,20
6,country,Tajikistan,0,0,0,0,0,0,0,0,0,0,0,0,0,0,0,0,0,0,0,0,0,0,0,0,0,0,35.0933118,159.0861592,81.5061697,23.21263,70.3349615,47.7005343,11.984421,40.0371693,101.0245544
6,country,Uzbekistan,0,0,0,0,0,0,0,0,0,0,0,0,0,0,0,0,0,0,0,0,2.9488608,3.6413608,3.0860608,4.3211608,4.4302608,4.5740608,5.8172608,9.0209491,1.9112359,3.35215,11.3098,2.51735,4.09031,11.7271907,36.6935222
3,region,Latin America and the Caribbean,1363.941856,1619.199983,2630.86931,2563.32271,4242.486399,3755.962339,3203.019118,7752.010941,8677.175475,7527.857327,8211.50694,4445.405231,5468.309947,6770.035861,18113.41693,18788.48684,42063.8357,24402.22982,37377.68299,14762.76047,54707.97134,53446.88494,36245.00336,41144.05545,24533.29881,24605.83711,11361.03036,37089.03799,9584.211757,48325.91041,-568.0987903,41457.16161,70032.4157,49766.12742,33340.69958
4,region,South and Central America,1334.941856,1594.799983,2582.86931,2502.02271,4189.786399,3688.461996,3108.914602,7712.410941,8594.175475,7169.857327,8112.00694,4298.305231,5288.009947,6428.535861,18028.01693,18346.48684,41608.4357,24287.22882,36601.78299,14701.66047,54853.25134,53384.27314,35692.19965,41397.38205,24314.72646,24420.8847,11006.88358,37039.54266,9297.29925,47957.56142,-573.80226,40330.78382,68666.85799,48879.0346,33344.8149
5,region,South America,1108.802996,1414.340183,1930.36931,2603.36601,3122.616399,3701.487396,3084.1545,7698.190844,8575.811496,7092.155017,8019.502,-183.6213861,4097.319469,5065.465586,13459.70245,11965.16789,35647.06967,14365.41486,36125.23433,4730.991971,39821.69603,39674.54746,12882.09704,25018.78371,16115.68823,12473.89588,10066.92741,32702.08736,232.0846225,36399.09364,-2665.538275,41508.06954,53042.06849,40494.6378,25959.98383
6,country,Argentina,34.9029862,49.3856939,1165.9143,705.07,1012.844,1497.149,1600.749,3652.818,2325.477,1730.283,901.028,160.877,-627.134,773.7809999,675.9859999,1311.06,2438.720721,1504.232961,1390.934589,711.5464037,964.7606804,1488,1054.849578,889.9728587,1920.541433,875.2332274,1786.530935,1155.630218,1725.981573,1522.728,1177.177,1543.861738,2089.836583,2961.34186,2689.756979
6,country,"Bolivia, Plurinational State of",1.1,2,2,2,2.2,2,2.1,2.5,2.5,3,2.5,2.5,2.5,2.5,2.7999999,3,3,4,5,-2.622236,-28.805361,0,0,0,-33.113,-1.7869999,88.8660405,79.6931127,-84.4653038,48.31431,-111.129,91.32973,-80.7943326,256.5442518,233.018487
6,country,Brazil,624.6,1015,136.6999999,492.3,689.8999999,1095.638,-469.064,1115.564,2854.013,1690.412,2281.587,-2257.586,2482.108,249.3,9806.987,2516.701,28202.491,7066.66,20457.066,-10084.226,22059.925,11061.674,-8425.285,-478.18,-3261.247,-11642.80557,-5900.75235,19040.37,-16335.6,19031.49445,-13415.08848,20450.1987,32100.42684,26746.37756,12426.82089
6,country,Chile,7.5,125.3,397.8,434.1999999,910.7,751.5,1133.452223,1462.692823,1483.481264,2557.92399,3986.6,1609.7,343.1999999,1709.121058,2144.595436,2135.147235,2211.888441,4851.556371,9151.346651,7544.17138,8474.221464,18735.96159,14841.12202,14504.86772,10118.11675,17848.94771,7035.736746,3992.356447,6934.486701,11169.42,6242.456,12023.57048,12796.24242,8145.2841,2430.717381
6,country,Colombia,16,24.3,73.9449999,94.7959999,148.9623895,256.2003963,327.9272768,809.4160208,795.998232,115.5360272,325.3469999,16.119,856.767,937.687,192.449,4796,1268,1279,3085,3505,5483,8420,-606,7652.080603,3898.941534,4217.736436,4517.35192,3689.564075,5126.317721,3153.49649,1733.44862,3180.813774,3383.504873,1268.796708,4611.273533
6,country,Guyana,0,0.354479,-2,2,0,0,-1,0,0,-2,2,0.205,0.1378479,0,0.1678519,0,0,0,0,0,0,0,0,0,0,0,26,0.01,0.01,16.93518,13.6,14.93551,4.67668,6.9,5.7
6,country,Paraguay,49.7,10,0.01,-13,0.01,8,-17.01,85,62.042,128,0,74.4,0,60,0,0,0,65.5769719,735.79963,410.7129999,436.2705028,342.5935495,1748.482207,492.3199655,1110.897092,206.8621515,1179.514928,538.3013273,98.4367696,1113.195268,448.1018784,1147.835171,55.9628418,699.073659,262.8554003
6,country,Peru,0,0,0,0,0,0,0,0,0,0,0,0,0,0,0,0,0,0,0,0,0,3.1040795,-0.8565609,0.033758,0,0,0,0,0,0,0,-8.660268,-12.656719,10.382442,-11.050199
6,country,Suriname,0.00001,0.00001,0.00001,0.00001,0.00001,0,0,13.1999999,9.3,-3,-0.56,6.1636138,13.7406207,15.0765286,17.7171579,36.259659,-1.0304917,89.3885527,-10.9125427,16.4094239,-59.6762595,-6.7857529,-24.2152015,1205.688809,-11.448581,310.7042608,2.3046277,1446.890227,718.1156673,631.2612586,-262.9328019,431.1588606,507.6620586,-548.0728437,643.08523
6,country,Uruguay,375,188,156,886,358,91,507,557,1043,872,521,204,1026,1318,619,1167,1524,-495,1311,2630,2492,-370,4294,752,2373,399,1041,2328,2051,-163,1469,2416,2250,1034,2603
6,country,"Venezuela, Bolivarian Republic of",0,0,0,0,0,0,0,0,0,0,0,0,0,0,0,0,0,0,0,0,0,0,0,0,0,260.0046602,290.3745652,431.2719563,-2.1985049,-124.7513224,39.828513,217.0258556,-52.7927452,-85.9899452,64.8061314
5,region,Central America,226.1388599,180.4597999,652.4999999,-101.3433002,1067.17,-13.02540005,24.7601016,14.22009685,18.3639787,77.7023097,92.5049404,4481.926617,1190.690479,1363.070275,4568.314483,6381.318948,5961.366032,9921.813966,476.5486658,9970.668502,15031.55531,13709.72568,22810.10261,16378.59833,8199.03823,11946.98882,939.9561681,4337.4553,9065.214628,11558.46778,2091.736015,-1177.28572,15624.7895,8384.396805,7384.831073
6,country,Belize,1.8,1.44999995,2.2,2.04999995,0.01,2.52899995,5.6635,3.89999995,4.5205,0.01,0,0,0,0.358,0.064,0.981,0.5715,0.986,2.75749995,0.4615,1.121,0.63301725,0.87572655,0.68452465,2.7346138,0.46988375,1.7188097,0.3223298,0.71837255,2.118555,4.42819,1.5371745,1.200409,2.25507185,2.6110334
6,country,Costa Rica,2.1,3.1,4.2999999,3.6,5.7,5.5,5.7,4.4,4.7999999,5.0035819,50.9069405,55.2266171,233.7904789,70.012448,98.6440828,-15.055722,120.4367817,276.5991664,80.4345359,103.2517013,94.3353368,133.2663589,455.3551461,339.6406967,108.9064072,210.5695177,76.9133564,126.2206386,53.3895897,117.1184021,118.3897526,84.8714772,103.8127529,87.5644509,46.5502369
6,country,El Salvador,0,0,0,0,0,0,7.2,0,0,53.7999999,-5,9.6999999,25.6999999,-18.6,2.7,-112.9,26.3999999,-95.4,-79.5,0,-4.7,0.1,0.82075,0.10182,-0.10703,0.26575,-0.42813,0.2284,-0.0374,0.40483,21.6768676,12.3007021,29.2647032,30.3014646,3.555265
6,country,Guatemala,0,0,0,3.4866999,5.44,-19.0544,8.1966016,6.2849425,4.7778319,9.7017279,40.0979999,10.3,22.1,45.7,41.2,38.2999999,8.5999999,16.8999999,17.03718,31.00695,50.32396,79.65604,43.90991,30.45399,54.61115,182.8027,209.3761,195.95124,200.51769,179.85393,149.2022,476.18556,722.28436,614.92853,691.47554
6,country,Honduras,-1,-1,-1,-0.48,-1.98,-2,-2,-0.3648456,4.2656469,9.187,6.5,2.7999999,6.5,12.199827,-6.2,1,0.6,1.5,-1,3.6,-1.4,2.1,207.6,68.1,102.6,251.9,239.3,140.8,66.1,2.5,45.6,226,182.6,219.6,373.8
6,country,Mexico,223.2388599,176.9097999,647,-110,1058,0,0,0,0,0,0,4403.9,902.6,1253.4,4431.9064,6468.99367,5783.75775,9705.9288,437.91945,9861.448351,14559.97502,13310.57026,22312.54108,15458.6173,7507.193089,10672.28097,159.586032,3947.812692,8489.093453,10755.1499,1720.326637,-2125.183734,14531.8795,6576.683987,5736.29023
6,country,Nicaragua,0,0,0,0,0,0,0,0,0,0,0,0,0,0,0,0,21,15.3,18.8999999,-29.1,15.1,7.7,63.4,150.1,94,45,65.3,64.5,75.1,59.1,39.5,14.5240393,19.3465661,42.1,73.8
6,country,Panama,0,0,0,0,0,0,0,0,0,0,0,0,0,0,0,0,0,0,0,0,316.8,175.7,-274.4,330.8999999,329.1,583.7,188.19,-138.38,180.3329226,442.2221612,-7.3876319,132.4790609,34.4012133,810.963301,456.748768
5,region,Caribbean,29,24.4,48,61.2999999,52.7,67.5003425,94.1045163,39.6,83,358,99.4999998,147.1,180.3,341.4999999,85.3999999,442,455.4,115.001,775.9,61.1,-145.2800001,62.611802,552.803715,-253.3265993,218.5723539,184.9524113,354.1467838,49.4953299,286.9125068,368.348995,5.7034697,1126.377782,1365.557708,887.0928146,-4.1153267
6,country,Antigua and Barbuda,0,0,0,0,0,0,0,0,0,0,0,0,0,0,0,0,0,0,0,0,0,0,0,47.98577148,12.37976074,28.12846519,75.06368296,23.26142,-2.085382222,-14.55313556,-36.3550537,-24.23624222,18.88304667,31.23809556,29.79408037
6,country,Barbados,1.35,1.3,0.85,2.6,1.1,3.29999995,3.54999995,1.19999995,0.94999995,1.3,22.83249995,25.58249995,24.97649995,25.03249995,53.5622843,156.8769881,44.44791365,82.2387617,73.432247,27.1140481,345.1284608,556.4902411,38.7357384,40.008858,-228.8443271,51.57763115,-193.5020598,-27.65217815,9.2045,27.82880575,7.5,17.6644028,15,8,18.5700773
6,country,Dominica,0,0,0,0,0,0,0,0,0,0,0,0,0,0,0,0,0,0,0,0,0,0,0,5.086243333,-0.2278918519,-17.25607444,1.711945185,-2.173653704,0.05568037037,0.05413592593,-0.3832718519,2.331684815,-0.7323944444,0.8023674074,0.8383525926
6,country,Dominican Republic,0,0,0,0,0,0,0,0,0,0,0,0,0,0,0,0,0,0,0,0,-203.5,-79.2,273.5,-390.6,176.8,22.4,109.4,27.2,209.2,-191.8,-99,152.9,-48.8,360.3,-47.3
6,country,Grenada,0,0,0,0,0,0,0,0,0,0,0,0,0,0,0,0,0,0,0,0,0,0,0,11.67378333,13.83978852,38.26781926,33.28022963,7.022435556,36.00593111,48.92100519,-45.3042237,-18.8879037,15.15288815,0.2808333333,4.86632963
6,country,Haiti,-8,-13.6,0,0,0,1.2003426,0.8045164,1,0,-1,0,0,0,0,0,0,0,0,0,0,0,0,0,0,0,0,0,0,0,0,0,0,0,0,0
6,country,Jamaica,37,38,48,61.2999999,52.7,66.2999999,93.2999999,56.6,82,94.9,74.2999999,89,73.9,116.3,60,101,85.4,115,75.9,61.1,58.2199999,74.5999999,89.8864414,74.769223,59.4800004,34.2130385,270.0859825,34.3315803,12.6707433,445.99,6.692663,56.154921,60.29,-3.8889594,-0.0153267
6,country,Netherlands Antilles,2.402,1.117,1.508,-2.1789999,1.006,1.341,-0.838,-6.368715084,-2.011173184,-1.184357542,-2.756424525,-0.5698324022,1.117318436,-0.5586592179,22.11452514,65.34636872,56.59217877,0,0,0,0,0,0,0,0,0,0,0,0,0,0,0,0,0,0
6,country,Saint Kitts and Nevis,0,0,0,0,0,0,0,0,0,0,0,0,0,0,0,0,0,0,0,0,0,0,0,22.52544333,10.81698148,-10.63568444,-6.265235926,13.23809778,56.20922741,23.44202852,7.883280741,-30.39160889,4.468028148,-1.93964,4.79889037
6,country,Saint Lucia,0,0,0,0,0,0,0,0,0,0,0,0,0,0,0,0,0,0,0,0,0,0,0,169.4484581,-85.80239519,46.91048963,27.05110593,-12.72792741,-19.1836237,64.1195363,-34.88184037,-34.27030333,-28.24936185,-54.5908937,-22.90391037
6,country,Saint Vincent and the Grenadines,0,0,0,0,0,0,0,0,0,0,0,0,0,0,0,0,0,0,0,0,0,0,0,-10.77259185,6.588823704,14.61189815,-12.8829437,40.78289111,14.94922852,10.37388222,3.46409037,-0.8807088889,-2.754634074,-0.61486,-0.5546148148
6,country,Trinidad and Tobago,0,0,0,0,0,0,0,-18,1,264.1,25.1999999,58.1,106.4,225.1999999,25.3999999,341,370,0.001,700,0,0,67.2118021,189.4172736,62.5041777,-17.7076465,128.3393728,-25.3391987,-12.0362504,65.0417635,114.158995,98.0108067,917.3228609,1354.067708,530.681774,43.2
6,country,Anguilla,0,0,0,0,0,0,0,0,0,0,0,0,0,0,0,0,0,0,0,0,0,0,0,0,-21.84922222,30.72225185,9.894477778,-15.54934815,43.37494074,13.86040815,1.832643704,-73.72087074,3.767176667,12.88274481,11.14131963
6,country,Aruba,486.8912701,177.0703297,9.944134078,6.87150838,1.508379888,1.675977654,0.3351955307,-1.675977654,1.396648045,-1.787709497,2.625698324,-3.631284916,-6.201117318,-3.240223408,-8.181728659,-8.863534749,-12.82266469,39.60764615,2.581595587,1.437358212,5.804469274,3.160893855,2.813407765,4.423463687,-35.08379883,10.33519553,-0.3910614525,8.579362346,4.624964358,-1.400129609,1.457475419,3.9365039,96.5886592,91.445327,87.6665238
6,country,Bahamas (the),0.1153192,1.182461,-0.39956,-0.124535,0.034866,-0.112436,0.325468,0.5,53.8999999,271.6,140.132,94.373,39.8549999,71.534,169.275,142.805,332.7129863,459.230206,409.593687,216.895437,150.448818,524.028081,158.4039762,277.141776,2679.068356,169.9060432,358.5874082,151.0660814,117.3281,148.3909,156.738,66.3021568,226.2265993,474.5756751,813
6,country,British Virgin Islands,-2519.591858,1524.326224,42.3538896,4906.321172,1828.77451,3297.641717,2559.623113,4173.020978,2884.158934,10581.98324,36367.397,30073.089,14166.008,14942.339,10900.98,18345.04,29888.772,49765.591,46385.606,37173.201,49310.83052,53802.12279,53935.97184,69362.54061,77965.86844,60908.44366,30167.79626,50904.06425,41586.97279,44153.53547,42280.16162,43216.84854,42809.3796,44158.49371,59451.02298
6,country,Cayman Islands,281.5532705,71.2879004,53.2931775,332.6724776,12.5156522,266.0153643,850.5912634,3807.859054,3241.55167,3854.761833,8504.608,5983.789,-6024.905,6184.165,4457.308,5627.597,5598.132,6148.919,9870.355,4967.722,24859.3204,31083.82823,23268.64679,19070.90221,18018.66144,71046.34234,16603.75523,4079.220602,8261.259965,31629.91785,10834.71689,21232.31737,17989.55302,20421.62628,27237.19681
6,country,Curaçao,0,0,0,0,0,0,0,0,0,0,0,0,0,0,0,0,0,-7.37430162,-1.284916145,5.30726257,20.63114201,-31.16298028,19.10854056,26.62629743,43.47617084,18.76285994,38.82140508,-145.2670091,0,-11.14579603,6.870408045,2.8040051,11.1840674,10.2824348,8.0901691
6,country,Sint Maarten,0,0,0,0,0,0,0,0,0,0,0,0,0,0,0,0,0,3.765363128,15.5027933,0.7094972067,3.378592123,1.055989609,-0.6624344693,1.975162793,1.213477318,0.8892813408,2.649801061,2.17877095,3.921136313,1.263639665,1.148193855,6.3538614,1.8426713,2.1207181,4.7115445
3,region,Oceania,9.943735114,29.73102082,186.9071654,0.8067056778,-3.560439422,-20.46478342,31.52192657,58.70025813,-110.477663,-25.35827178,20.04371708,15.3937107,23.20862821,15.79809569,34.68065382,57.47868856,47.74356475,22.04643414,94.44996831,77.65646461,129.86111,97.60432141,95.49042698,147.623304,78.84252638,82.19327809,-178.506479,-265.2297297,-435.4481581,-1140.009767,-915.6894833,1580.196721,2543.387098,445.6391458,1384.667963
6,country,Cook Islands,0,0,0,0,0,0,0,0,0,0,0,0,0,0,0,0,0,0,0,0,0,0,0,0,0,0.2280374,0.3139521,0.3197366,0.311363,0.3000247,0.2953196,0.3221106,0.3058183,0.3097607,0.2187942
6,country,Fiji,2.565989763,6.64154626,4.457780824,-0.4540236222,-3.688222277,11.80377294,26.22390073,-27.36063394,-28.18574405,-29.54869696,2.254982054,2.635462787,1.737619416,3.797929074,3.173595684,10.34908958,0.5776406844,-6.458504111,-7.592347416,3.374733422,5.786343187,1.171097318,1.955427429,4.398850814,38.30768003,-32.98976936,-16.42239934,-1.644991436,-3.640927814,-36.01196634,13.64806887,32.06748854,16.30775227,28.97616799,25.61389587
6,country,Kiribati,0,0,0,0,0.02778285505,0.07412733594,0.07825583397,0.1113271683,0.0942311679,0.0967773154,0.1159534563,0.1034425687,0.108662581,0.1297092567,0.1470858614,0.1527335487,0.007530290594,0.008367710678,0.02682229194,0.051,0.06,0.067,0.067,0.157,0.146,0.1220216,0.1205943,0.1243335,0.1213113,0.1127654,0.1118629,0.1013827,0.0936897,0.1023118,0.0991281
6,country,"Micronesia, Federated States of",0,0,0,0,0,0,0,0,0,0,0,0,0,0,0,0,0,0,0,0,0,0,0,0,-0.5119,0,0,0,0,0,0,0,0,0,0
6,country,Nauru,0,0,0,0,0,0,0,0,0,0,0,0,0,0,0,0,0,0,0,3.2939957,3.888821,8.9496391,8.2131373,5.5058214,-65.0428271,4.437827,4.926929,1.7959363,1.1601004,-1.7511217,1.4142324,11.4640339,2.4827552,4.5551121,6.1673004
6,country,Palau,-1,1,0,0,0,0,0,0.01,-0.038,0,0,0,0,0,0,0,0,0,0,0,0,0,0,0,0,0,0,0,0,0,0,0,0,0,0
6,country,Papua New Guinea,8.376963351,22.06556836,182.4471344,1.26,0.1,-33.3426837,6.1898752,85.9395649,-82.3481501,0.5292097,1.258015355,-0.6492126821,-0.770174727,-3.030770742,-0.01551571121,-6.575541192,-1.073042107,-7.735680442,-0.0870341359,-4.428087139,-0.2206458303,-0.6326524587,-88.78650445,0,0,19.81553831,-289.0216728,-368.8457111,-578.412567,-1210.752066,-990.3394594,1487.28273,2457.13892,333.0461165,1236.421566
6,country,Samoa,0,0,0,0,0,0,0,0,0,0,0,0,0,-5.045001413,-0.7192381829,0,0,0,0,0,0,0.5933194389,11.2633574,0.09794019646,4.430435678,3.796735875,15.28904914,0.09897290145,0.03770697412,4.314424579,1.573002006,0.7211536204,-0.09208013543,-0.0005095603736,2.044724785
6,country,Solomon Islands,0,0,0,0,0,0,0,0,0,0,0.0589515,0.729339,1.12199,0.0267238,0.0140121,1.5761,4.752636836,12.1991636,3.750296841,2.98583246,2.291524583,3.741006051,2.540651512,3.002818352,0.670069895,4.837965846,1.345170147,7.065581885,8.997290791,4.0258335,3.415563713,4.9568875,2.3960433,7.537096,52.8775615
6,country,Tonga,0.000782,0.0239062,0.0022502,0.0007293,0,0,0,0,0,3.564438163,10.80466307,5.368318445,2.64214027,5.032876802,10.80362758,4.580451252,1.678282968,2.28318611,3.397788297,5.062693845,3.095504174,15.61641459,7.443981134,7.498407293,11.479502,-0.2192073,0.0085193,0.5716917,0.6549925,1.4688967,1.0783279,-0.0587831,0.4084836,1.1413484,1.2534928
6,country,Vanuatu,0,0,0,0,0,0,0,0,0,0,0,0,0.7184011265,0.8511404464,0.9660971464,1.025209161,1.048435932,1.181202288,1.243412872,1.217901275,1.174934834,0.9612246449,0.5073539333,0.4865536663,0.4512130058,1.520334543,0.9248386725,1.326274339,1.3252848,1.359684483,1.447391229,0.2192732,1.4823944,4.3992024,2.786064
6,country,French Polynesia,0,0,0,0,0,1,-0.9701052,0,0,0,3.814004055,3.891884644,14.0299999,0,9.281456195,15.75527949,10.21317136,13.69117108,29.96803638,7.793935652,37.80331226,27.46761364,43.33329545,65.06492239,30.60938938,22.73995901,24.24549764,15.44137499,37.92301355,20.715096,-3.132442894,13.1145626,5.8608844,14.9721769,11.3158746
6,country,New Caledonia,0,0,0,0,0,0,0,0,0,0,1.737147596,3.31447594,3.61998964,14.03548847,11.02953315,30.61536672,30.53890879,6.877527898,63.74299319,58.30445939,75.98131582,39.66965909,108.9527273,61.41098986,58.3029635,57.90383516,79.76304282,78.5170706,96.07427337,76.20866159,54.79865039,30.0058813,57.0024373,50.6003626,45.8695604
2,region,Least developed countries (LDCs),-4.6455959,350.9422754,176.717911,85.1831076,130.2448743,1.222753136,47.01197823,545.4496174,-666.8806839,332.4853815,794.9292056,-239.3361654,610.0881708,360.231723,1129.124483,723.8322305,732.0422084,1498.420908,3560.624469,1051.451894,4377.295588,3374.928548,2754.962646,2928.115008,399.2979707,684.9425625,1925.875116,2156.490495,786.2099002,-973.1846209,677.5096513,-431.7549388,1378.362897,1025.32164,623.1555459
2,region,Landlocked countries (LLCs),32.5268312,53.9079658,82.791438,50.6614374,114.6904693,101.5253359,66.76999404,23.87375461,94.10844573,36.60117099,35.25552482,352.0513983,806.7414177,1042.673105,9.870891667,1005.602279,330.3463904,3475.183573,1924.048485,3970.894686,9375.221347,6403.380592,2209.721862,4595.535598,5868.660399,4892.416443,-1490.211572,4336.383857,1061.832415,741.8409633,-1408.632388,2022.160875,-1586.111942,3576.814125,-2019.255824
2,region,Small island developing states (SIDS),42.01128536,60.49899396,98.788229,98.23920888,64.97003703,102.5453781,138.8981331,26.17999699,126.433909,621.4434005,296.1188377,287.2791413,268.7695647,445.5233636,361.8969194,854.9038453,861.8880948,743.2152299,1324.912916,363.2578645,527.3666087,1305.721801,979.7504983,560.4869418,2798.75993,597.1315901,715.1458176,-140.3487969,637.6751285,744.8840745,144.2076441,1236.886933,1777.528677,1378.807884,1046.079334